zone_type,post_minus_pre_mean_log_trips
CRZ,-0.08615682701664529
adjacent_buffer,-0.05510562765551885
outer,0.01741226974343668
