regressor,coef,se,p_value,ci95_low,ci95_high
log_subway,0.2318329566318833,0.022789123822385095,0.0,0.18716647694705338,0.27649943631671325
