spec,log_subway_coef,se
overall,0.2318329566318833,0.022789123822385095
pre_cp,0.23835991432973913,0.019514377763030454
post_cp,0.2811466806451041,0.03287728160507655
