spec,annualized_capture
pricing,9991974.44154974
supply,6488430.33305981
