scenario,tourist_inflow,forecasted_lift_pct,excess_trips_per_match,rev_capture_per_match
Group stage,500000,45.0,5917.117188498402,83620.11156904238
FINAL,500000,90.0,11834.234376996805,167240.22313808475
Group stage,1000000,50.0,6574.5746538871135,92911.23507671374
FINAL,1000000,100.0,13149.149307774227,185822.47015342748
Group stage,2000000,60.0,7889.489584664536,111493.4820920565
FINAL,2000000,120.0,15778.979169329072,222986.964184113
