tourist_inflow,rev_per_group_match,rev_for_final,tournament_total
500000,83620.11156904192,167240.22313808385,752581.0041213772
1000000,92911.23507671324,185822.4701534265,836201.1156904192
2000000,111493.48209205589,222986.96418411177,1003441.338828503
