tourist_inflow,rev_per_group_match,rev_for_final,tournament_total
500000,83620.11156904238,167240.22313808475,752581.0041213814
1000000,92911.23507671374,185822.47015342748,836201.1156904236
2000000,111493.4820920565,222986.964184113,1003441.3388285084
